[
  {
    "Name": "DCH Regional Medical Center",
    "Notes": [
      "Only for individuals with symptoms."
    ],
    "State": "Alabama",
    "Address": "809 University Blvd",
    "City": "East Tuscaloosa",
    "Zip": "35401",
    "Phone": "205-759-7111",
    "Website": "https://www.dchsystem.com/Articles/dch_to_offer_remote_screening_facility_for_coronavirus.aspx",
    "DaysOfWeek": [
      "Friday",
      "Monday",
      "Thursday",
      "Tuesday",
      "Wednesday"
    ],
    "OpensAt": "8AM",
    "ClosesAt": "5PM",
    "AltDaysOfWeek": [
      "Saturday"
    ],
    "AltOpensAt": "8AM",
    "AltClosesAt": "Noon",
    "LocationType": [
      "Drive-thru"
    ],
    "NotesOther": "Testing is available as long as supplies remain available and the weather allows for the process to safely continue. Call ahead to make sure they are still doing testing.",
    "Verified": true,
    "Alt2DaysOfWeek": [
      "Sunday"
    ],
    "Alt2OpensAt": "2PM",
    "Alt2ClosesAt": "5PM"
  },
  {
    "Name": "RMC Health System",
    "Notes": [
      "Requires referral from a primary health provider.",
      "Requires doctor's referral."
    ],
    "State": "Alabama",
    "Address": "400 East 10th Street",
    "City": "Anniston",
    "Zip": "36207",
    "Phone": "256-235-5600",
    "DaysOfWeek": [
      "Friday",
      "Monday",
      "Thursday",
      "Tuesday",
      "Wednesday"
    ],
    "OpensAt": "8:30AM",
    "ClosesAt": "4:30PM",
    "LocationType": [
      "Drive-thru"
    ],
    "NotesOther": "Results take 5-7 days.",
    "Verified": true
  },
  {
    "Name": "The University of Alabama Hospital",
    "Notes": [
      "By appointment only."
    ],
    "State": "Alabama",
    "Address": "1802 6th Ave St South",
    "City": "Birmingham",
    "Zip": "35233",
    "Phone": "205-975-1881",
    "DaysOfWeek": [
      "Friday",
      "Monday",
      "Saturday",
      "Sunday",
      "Thursday",
      "Tuesday",
      "Wednesday"
    ],
    "OpensAt": "9AM",
    "ClosesAt": "1:30PM",
    "LocationType": [
      "Drive-thru"
    ],
    "NotesOther": "Make an appointment between 7AM and 11PM",
    "Verified": true
  },
  {
    "Name": "Gadsden Regional Medical Center",
    "Notes": [
      "By appointment only."
    ],
    "State": "Alabama",
    "Address": "1007 Goodyear Avenue",
    "City": "Gadsden",
    "Zip": "35903",
    "Phone": "877-696-3972",
    "DaysOfWeek": [
      "Sunday",
      "Monday",
      "Tuesday",
      "Wednesday",
      "Thursday",
      "Friday",
      "Saturday"
    ],
    "OpensAt": "Open 24 hours",
    "ClosesAt": "Open 24 hours",
    "LocationType": [
      "Walk-in"
    ],
    "NotesOther": "Other contact information: (256) 494-4000",
    "Verified": true
  },
  {
    "Name": "Ross Bridge Medical Center",
    "Notes": [
      "By appointment only."
    ],
    "State": "Alabama",
    "Address": "3635 Market Street",
    "City": "Hoover",
    "Zip": "35226",
    "Phone": "205-494-7677",
    "Website": "https://www.rossbridgemedicalcenter.com/",
    "OnlineBooking": true,
    "DaysOfWeek": [
      "Friday",
      "Monday",
      "Thursday",
      "Tuesday",
      "Wednesday"
    ],
    "OpensAt": "9AM",
    "ClosesAt": "4:30PM",
    "LocationType": [
      "Walk-in"
    ],
    "Verified": true
  },
  {
    "Name": "Lake Otis Pkwy & E 42nd",
    "Notes": [
      "Free.",
      "Requires doctor's referral."
    ],
    "State": "Alaska",
    "Address": "corner of Lake Otis Parkway and East 42nd Avenue",
    "City": "Anchorage",
    "Zip": "99508",
    "DaysOfWeek": [
      "Friday",
      "Monday",
      "Saturday",
      "Sunday",
      "Thursday",
      "Tuesday",
      "Wednesday"
    ],
    "OpensAt": "9AM",
    "ClosesAt": "7PM",
    "LocationType": [
      "Drive-thru"
    ],
    "Verified": true
  },
  {
    "Name": "Carbon Health",
    "Notes": [
      "Privately owned."
    ],
    "State": "California",
    "Address": "2110 Sunset Blvd. Suite M",
    "City": "Los Angeles",
    "Zip": "90026",
    "Neighborhood": "Echo Park",
    "Website": "https://carbonhealth.com/echo-park",
    "OnlineBooking": true,
    "DaysOfWeek": [
      "Friday",
      "Monday",
      "Saturday",
      "Sunday",
      "Thursday",
      "Tuesday",
      "Wednesday"
    ],
    "OpensAt": "9AM",
    "ClosesAt": "7PM",
    "LocationType": [
      "Walk-in"
    ],
    "Verified": true,
    "LastClosedUpdate": "2020-04-06"
  },
  {
    "Name": "Curtis R. Tucker Public Health Center",
    "State": "California",
    "Address": "123 W Manchester Blvd",
    "City": "Inglewood",
    "Zip": "90301",
    "Neighborhood": "Inglewood",
    "DaysOfWeek": [
      "Friday",
      "Monday",
      "Thursday",
      "Tuesday",
      "Wednesday"
    ],
    "OpensAt": "8AM",
    "Closed": true,
    "ClosesAt": "4:30PM",
    "LocationType": [
      "Walk-in"
    ],
    "Verified": true,
    "LastClosedUpdate": "2020-04-06"
  },
  {
    "Name": "Los Angeles Center for Ear, Nose, Throat and Allergy",
    "Notes": [
      "Privately owned.",
      "Other"
    ],
    "State": "California",
    "Address": "1700 East Cesar E Chavez Avenue #2500",
    "City": "Los Angeles",
    "Zip": "90033",
    "Neighborhood": "Huntington Park",
    "Phone": " 323-375-1986",
    "Website": "https://www.coronavirustestingla.com/",
    "OnlineBooking": true,
    "DaysOfWeek": [
      "Friday",
      "Monday",
      "Saturday",
      "Sunday",
      "Thursday",
      "Tuesday",
      "Wednesday"
    ],
    "OpensAt": "8AM",
    "ClosesAt": "5PM",
    "LocationType": [
      "Drive-thru"
    ],
    "NotesOther": "Send a picture ID (front and back) and insurance ID (front and back) to COVID19@LAENT.COM",
    "Verified": true
  },
  {
    "Name": "Harvest Christian Fellowship Church",
    "Notes": [
      "By appointment only.",
      "Only for individuals with symptoms.",
      "Open to all.",
      "Other"
    ],
    "Attachments": [
      {
        "id": "attikLBN4hjhd8XNk",
        "url": "https://dl.airtable.com/.attachments/94fbb1df25b7e39ab16d2beb28d48692/a1de3836/3.30.20Harvestdriveuptestinglocation.pdf",
        "filename": "3.30.20 Harvest drive up testing location.pdf",
        "size": 127832,
        "type": "application/pdf",
        "thumbnails": {
          "small": {
            "url": "https://dl.airtable.com/.attachmentThumbnails/be87ab11e4d2d04f87b08adfbe6c1279/dcac4e83",
            "width": 28,
            "height": 36
          },
          "large": {
            "url": "https://dl.airtable.com/.attachmentThumbnails/a5b0de84b76096321cacbc0aec2b605e/454ca989",
            "width": 396,
            "height": 512
          }
        }
      }
    ],
    "State": "California",
    "Address": "6115 Arlington Ave",
    "City": "Riverside",
    "Zip": "92504",
    "Phone": "800-945-6171 ",
    "DaysOfWeek": [
      "Tuesday",
      "Wednesday",
      "Thursday",
      "Friday",
      "Saturday"
    ],
    "LocationType": [
      "Drive-thru"
    ],
    "NotesOther": "Drive-ups without an appointment will not be tested",
    "Verified": true
  },
  {
    "Name": "Riverside County Fairgrounds",
    "Notes": [
      "Must have fever and other symptoms.",
      "By appointment only."
    ],
    "State": "California",
    "Address": "46517 Arabia St",
    "City": "Indio",
    "Zip": "92201",
    "Phone": "800-945-6171",
    "DaysOfWeek": [
      "Friday",
      "Saturday",
      "Thursday",
      "Tuesday",
      "Wednesday"
    ],
    "OpensAt": "9AM",
    "ClosesAt": "3PM",
    "LocationType": [
      "Drive-thru"
    ],
    "NotesOther": "Testing will take place in the parking lots 5 and 5A near Arabia Street, between Highway 111 and Dr Carreon Boulevard",
    "Verified": true
  },
  {
    "Name": "Diamond Stadium Lot C",
    "Notes": [
      "By appointment only.",
      "Only for individuals with symptoms."
    ],
    "State": "California",
    "Address": "500 Diamond Dr",
    "City": "Lake Elsinore",
    "Zip": "92530",
    "Phone": "800-945-6171",
    "Website": "https://www.projectbaseline.com/study/covid-19/",
    "OnlineBooking": true,
    "DaysOfWeek": [
      "Monday",
      "Sunday",
      "Thursday",
      "Tuesday",
      "Wednesday"
    ],
    "OpensAt": "9:30AM",
    "ClosesAt": "3PM",
    "LocationType": [
      "Drive-thru"
    ],
    "NotesOther": "Over 1 hour wait time for a phone appointment",
    "Verified": true
  },
  {
    "Name": "Lincoln Park Recreation Center",
    "Notes": [
      "By appointment only.",
      "Free."
    ],
    "State": "California",
    "Address": "3501 Valley Blvd",
    "City": "Los Angeles",
    "Zip": "90031",
    "Neighborhood": "Lincoln Heights",
    "Website": "https://lacovidprod.service-now.com/rrs",
    "OnlineBooking": true,
    "DaysOfWeek": [
      "Sunday"
    ],
    "OpensAt": "9AM",
    "LocationType": [
      "Drive-thru"
    ],
    "Verified": true
  },
  {
    "Name": "High Desert Medical Group Office",
    "Notes": [
      "By appointment only.",
      "Only for individuals with symptoms.",
      "Free."
    ],
    "State": "California",
    "Address": "43839 N. 15th Street West",
    "City": "Lancaster",
    "Zip": "93534",
    "Phone": "(661) 945-5984",
    "Website": "https://lacovidprod.service-now.com/rrs",
    "OnlineBooking": true,
    "DaysOfWeek": [
      "Friday",
      "Monday",
      "Saturday",
      "Thursday",
      "Tuesday",
      "Wednesday"
    ],
    "OpensAt": "9AM",
    "ClosesAt": "5PM",
    "LocationType": [
      "Drive-thru"
    ],
    "NotesOther": "Addtional requirements: must be 65 or older OR have underlying health conditions",
    "Verified": true
  },
  {
    "Name": "Glendale Memorial Hospital",
    "Notes": [
      "Requires doctor's referral.",
      "Prioritizes first responders."
    ],
    "Attachments": [
      {
        "id": "attIcuW9Fbs7aHtGB",
        "url": "https://dl.airtable.com/.attachments/43d10b4deea965fce0f8f941706fb453/0fb5da15/LaboratoryTestingforCOVID1.pdf",
        "filename": "Laboratory Testing for COVID1.pdf",
        "size": 387772,
        "type": "application/pdf",
        "thumbnails": {
          "small": {
            "url": "https://dl.airtable.com/.attachmentThumbnails/f8586fc12a72d909175138dce362655a/6e2a0bf6",
            "width": 28,
            "height": 36
          },
          "large": {
            "url": "https://dl.airtable.com/.attachmentThumbnails/a61c1e8a6484d3912c19cb9b498da745/4b739337",
            "width": 396,
            "height": 512
          }
        }
      }
    ],
    "State": "California",
    "Address": "1420 S Central Ave",
    "City": "Glendale",
    "Zip": "91204",
    "Website": "https://lacovidprod.service-now.com/rrs",
    "OnlineBooking": true,
    "LocationType": [
      "Drive-thru"
    ],
    "NotesOther": "Download form to have your doctor order the test",
    "Verified": true
  },
  {
    "Name": "Northridge Hospital Medical Center",
    "Notes": [
      "By appointment only."
    ],
    "State": "California",
    "Address": "18300 Roscoe Boulevard",
    "City": "Northridge",
    "Zip": "91328",
    "Website": "https://lacovidprod.service-now.com/rrs",
    "OnlineBooking": true,
    "DaysOfWeek": [
      "Friday",
      "Monday",
      "Thursday",
      "Tuesday",
      "Wednesday"
    ],
    "OpensAt": "8AM",
    "ClosesAt": "4PM",
    "LocationType": [
      "Drive-thru"
    ],
    "Verified": true
  },
  {
    "Name": "The West LA Veteran’s Administration Lot 15",
    "Notes": [
      "By appointment only."
    ],
    "State": "California",
    "Address": "11301 Wilshire Blvd",
    "City": "Los Angeles",
    "Zip": "90073",
    "Phone": "310-478-3711",
    "Website": "https://lacovidprod.service-now.com/rrs",
    "OnlineBooking": true,
    "DaysOfWeek": [
      "Sunday",
      "Monday",
      "Tuesday",
      "Wednesday",
      "Thursday",
      "Friday",
      "Saturday"
    ],
    "OpensAt": "Open 24 hours",
    "ClosesAt": "Open 24 hours",
    "LocationType": [
      "Drive-thru"
    ],
    "Verified": true
  },
  {
    "Name": "Crenshaw Christian Center",
    "Notes": [
      "By appointment only.",
      "Only for individuals with symptoms."
    ],
    "State": "California",
    "Address": "7901 S. Vermont Avenue",
    "City": "Los Angeles",
    "Zip": "90044",
    "Neighborhood": "Crenshaw",
    "Website": "https://lacovidprod.service-now.com/rrs",
    "OnlineBooking": true,
    "LocationType": [
      "Drive-thru"
    ],
    "Verified": true
  },
  {
    "Name": "Hotchkins Memorial Training Center",
    "Notes": [
      "Only for individuals with symptoms.",
      "Employees only."
    ],
    "State": "California",
    "Address": "1700 Stadium Way",
    "City": "Los Angeles",
    "Zip": "90012",
    "Website": "https://docs.google.com/forms/d/e/1FAIpQLScO3zt_Ktf9LWCzvXJeojr3QfbtSI58X969-IP4mQvcs3fC0w/viewform",
    "DaysOfWeek": [
      "Monday"
    ],
    "OpensAt": "9AM",
    "ClosesAt": "Noon",
    "LocationType": [
      "Drive-thru"
    ],
    "NotesOther": "For LAFD employees and family members",
    "Verified": true
  },
  {
    "Name": "Hansen Dam",
    "Notes": [
      "By appointment only.",
      "Only for individuals with symptoms."
    ],
    "State": "California",
    "Address": "11798 Foothill Blvd",
    "City": "Lake View Terrace",
    "Zip": "91342",
    "Neighborhood": "Lake View Terrace",
    "Website": "https://lacovidprod.service-now.com/rrs",
    "OnlineBooking": true,
    "LocationType": [
      "Drive-thru"
    ],
    "Verified": true
  },
  {
    "Name": "The Antelope Valley Mall",
    "Notes": [
      "By appointment only."
    ],
    "State": "California",
    "Address": "1233 Rancho Vista Blvd",
    "City": "Palmdale",
    "Zip": "93551",
    "Website": "https://corona-virus.la/",
    "OnlineBooking": true,
    "OpensAt": "9AM",
    "ClosesAt": "4PM",
    "LocationType": [
      "Drive-thru"
    ],
    "Verified": true
  },
  {
    "Name": "South Bay Galleria",
    "Notes": [
      "By appointment only."
    ],
    "State": "California",
    "Address": "1815 Hawthorne Blvd",
    "City": "Redondo Beach",
    "Zip": "90278",
    "Website": "https://lacovidprod.service-now.com/rrs",
    "OnlineBooking": true,
    "OpensAt": "9AM",
    "LocationType": [
      "Drive-thru"
    ],
    "Verified": true
  },
  {
    "Name": "The Pomona Fairplex Gate 17",
    "Notes": [
      "By appointment only.",
      "Limited test kits available."
    ],
    "State": "California",
    "Address": "1101 W McKinley Ave",
    "City": "Pomona",
    "Zip": "91768",
    "Website": "coronavirus.lacity.org/Testing",
    "OnlineBooking": true,
    "DaysOfWeek": [
      "Sunday",
      "Monday",
      "Tuesday",
      "Wednesday",
      "Thursday",
      "Friday",
      "Saturday"
    ],
    "OpensAt": "9AM",
    "LocationType": [
      "Drive-thru"
    ],
    "NotesOther": "Only performing 200 tests a day",
    "Verified": true
  },
  {
    "Name": "STRIDE CHC- Aurora Health & Wellness Plaza",
    "Notes": [
      "Free.",
      "Limited test kits available."
    ],
    "State": "Colorado",
    "Address": "10680 Del Mar Parkway",
    "City": "Aurora",
    "Zip": "80010",
    "Phone": "(303) 360-6276",
    "Website": "https://stridechc.org/",
    "DaysOfWeek": [
      "Friday",
      "Monday",
      "Thursday",
      "Tuesday",
      "Wednesday"
    ],
    "OpensAt": "9AM",
    "ClosesAt": "4PM",
    "LocationType": [
      "Drive-thru"
    ],
    "NotesOther": "Closes periodically due to lack of supplies. Please check website before going.",
    "Verified": true
  },
  {
    "Name": "STRIDE CHC- Jeffco Family Health Services Center ",
    "Notes": [
      "Free.",
      "Limited test kits available."
    ],
    "State": "Colorado",
    "Address": "7495 W. 29th Avenue",
    "City": "Wheat Ridge",
    "Zip": "80033",
    "Phone": "(303) 360-6276",
    "Website": "https://stridechc.org/",
    "DaysOfWeek": [
      "Friday",
      "Monday",
      "Thursday",
      "Tuesday",
      "Wednesday"
    ],
    "OpensAt": "9AM",
    "ClosesAt": "4PM",
    "AltDaysOfWeek": [
      "Saturday"
    ],
    "AltOpensAt": "9AM",
    "AltClosesAt": "1PM",
    "LocationType": [
      "Drive-thru"
    ],
    "NotesOther": "Closes periodically due to lack of supplies. Please check website before going.",
    "Verified": true
  },
  {
    "Name": "Bridgeport Hospital",
    "Notes": [
      "Requires phone screen.",
      "By appointment only."
    ],
    "State": "Connecticut",
    "Address": "267 Grant Street",
    "City": "Bridgeport",
    "Zip": "06610",
    "Phone": "203-384-3000",
    "DaysOfWeek": [
      "Sunday",
      "Monday",
      "Tuesday",
      "Wednesday",
      "Thursday",
      "Friday",
      "Saturday"
    ],
    "OpensAt": "Open 24 hours",
    "ClosesAt": "Open 24 hours",
    "LocationType": [
      "Walk-in"
    ],
    "NotesOther": "General questions about COVID-19: 833-275-9644",
    "Verified": true
  },
  {
    "Name": "Bristol Health",
    "Notes": [
      "Limited test kits available.",
      "By appointment only.",
      "Requires referral from a primary health provider."
    ],
    "State": "Connecticut",
    "Address": "145 Queen St",
    "City": "Bristol",
    "Zip": "06010",
    "Phone": "860-261-6855 ",
    "DaysOfWeek": [
      "Friday",
      "Monday",
      "Saturday",
      "Thursday",
      "Tuesday",
      "Wednesday"
    ],
    "OpensAt": "8AM",
    "ClosesAt": "4PM",
    "LocationType": [
      "Drive-thru"
    ],
    "NotesOther": "Only testing 40 people a day. Must bring valid ID, lab order, insurance card ",
    "Verified": true
  },
  {
    "Name": "Charlotte Hungerford Hospital",
    "Notes": [
      "Requires doctor's referral.",
      "Requires phone screen."
    ],
    "State": "Connecticut",
    "Address": "540 Litchfield Street",
    "City": "Torrington",
    "Zip": "06790",
    "Phone": "860-972-8100",
    "DaysOfWeek": [
      "Friday",
      "Monday",
      "Saturday",
      "Sunday",
      "Thursday",
      "Tuesday",
      "Wednesday"
    ],
    "OpensAt": "8AM",
    "ClosesAt": "Noon",
    "LocationType": [
      "Drive-thru"
    ],
    "NotesOther": "Will receive results within 4 days",
    "Verified": true
  },
  {
    "Name": "AllCare of Ellicot City",
    "Notes": [
      "By appointment only.",
      "For all members of the community.",
      "Requires phone screen."
    ],
    "State": "Maryland",
    "Address": "9396 Baltimore National Pike",
    "City": "Ellicot City",
    "Zip": "21042",
    "Phone": "410-480-9110",
    "Website": "https://allcarefamilymed.com/coronavirus",
    "OnlineBooking": true,
    "DaysOfWeek": [
      "Friday",
      "Monday",
      "Saturday",
      "Sunday",
      "Thursday",
      "Tuesday",
      "Wednesday"
    ],
    "OpensAt": "Noon",
    "ClosesAt": "1PM",
    "LocationType": [
      "Drive-thru"
    ],
    "Verified": true
  },
  {
    "Name": "AllCare - Glen Echo",
    "Notes": [
      "By appointment only.",
      "For all members of the community.",
      "Requires phone screen."
    ],
    "State": "Maryland",
    "Address": "7307 Macarthur Blvd",
    "City": "Bethesda",
    "Zip": "20816",
    "Phone": "301-825-8880",
    "Website": "https://allcarefamilymed.com/coronavirus",
    "OnlineBooking": true,
    "DaysOfWeek": [
      "Friday",
      "Monday",
      "Saturday",
      "Sunday",
      "Thursday",
      "Tuesday",
      "Wednesday"
    ],
    "OpensAt": "Noon",
    "ClosesAt": "1PM",
    "LocationType": [
      "Drive-thru"
    ],
    "Verified": true
  },
  {
    "Name": "Chesapeake ERgent Care",
    "Notes": [
      "By appointment only.",
      "Requires doctor's referral."
    ],
    "State": "Maryland",
    "Address": "1071 MD-3 North, Suite 101",
    "City": "Gambrills",
    "Zip": "21054",
    "Phone": "410-721-2333",
    "Website": "https://www.chesapeakeergentcare.com/",
    "OnlineBooking": true,
    "LocationType": [
      "Drive-thru"
    ],
    "Verified": true
  },
  {
    "Name": "Chesapeake College",
    "Notes": [
      "Requires doctor's referral."
    ],
    "State": "Maryland",
    "Address": "1000 College Circle",
    "City": "Wye Mills",
    "Zip": "21679",
    "Neighborhood": "Queen Anne's County",
    "Phone": "443-262-9900 (M - F 8 AM - 4:30 PM)",
    "Website": "https://www.chesapeake.edu/coronavirus",
    "DaysOfWeek": [
      "Friday",
      "Monday",
      "Wednesday"
    ],
    "OpensAt": "10AM",
    "ClosesAt": "2PM",
    "LocationType": [
      "Drive-thru"
    ],
    "Verified": true
  },
  {
    "Name": "Cape Cod Community College",
    "Notes": [
      "By appointment only.",
      "Requires referral from a primary health provider.",
      "Requires doctor's referral.",
      "For all members of the community.",
      "Other"
    ],
    "State": "Massachusetts",
    "Address": "2240 Lyannough Rd",
    "City": "West Barnstable",
    "Zip": "02668",
    "Website": "https://www.capecodhealth.org/medical-services/infectious-disease/coronavirus/covid-19-testing-process/",
    "DaysOfWeek": [
      "Friday",
      "Monday",
      "Saturday",
      "Sunday",
      "Thursday",
      "Tuesday",
      "Wednesday"
    ],
    "OpensAt": "8AM",
    "ClosesAt": "6PM",
    "LocationType": [
      "Drive-thru"
    ],
    "NotesOther": "If you do not have a primary care provider, please call a Cape Cod Healthcare urgent care center or 508-862-5595 to reach their dedicated call center.",
    "Verified": true
  },
  {
    "Name": "Saint Luke's Hospital",
    "Notes": [
      "By appointment only.",
      "Requires doctor's referral.",
      "Must have fever and other symptoms."
    ],
    "State": "Missouri",
    "Address": "600 NE Adams Dairy Pkwy",
    "City": "Blue Springs",
    "Zip": "64014",
    "Phone": "816-251-6100",
    "Website": "https://www.saintlukeskc.org/about/news/saint-lukes-news-three-covid-19-drive-thru-testing-sites-set-qualifying-saint-lukes",
    "LocationType": [
      "Drive-thru"
    ],
    "Verified": true
  },
  {
    "Name": "Citizens Memorial Hospital ",
    "Notes": [
      "By appointment only.",
      "Requires phone screen."
    ],
    "State": "Missouri",
    "Address": "1500 North Oakland Ave.",
    "City": "Bolivar",
    "Zip": "65613",
    "Phone": "417-328-4300",
    "Website": "https://www.citizensmemorial.com/",
    "Verified": true
  },
  {
    "Name": "Ozark Valley Medical Clinic",
    "Notes": [
      "By appointment only.",
      "Requires phone screen."
    ],
    "State": "Missouri",
    "Address": "1140 W State Hwy 76",
    "City": "Branson",
    "Zip": "65616",
    "Phone": "417-317-5318",
    "Website": "http://www.ozarkvalleymedical.com/",
    "LocationType": [
      "Drive-thru"
    ],
    "Verified": true
  },
  {
    "Name": "Pershing Memorial Hospital ",
    "Notes": [
      "By appointment only.",
      "Only for individuals with symptoms.",
      "Requires phone screen."
    ],
    "State": "Missouri",
    "Address": "130 E Lockling Ave",
    "City": "Brookfield",
    "Zip": "64628",
    "Phone": "660-258-2222",
    "Website": "http://www.phsmo.org/",
    "Verified": true
  },
  {
    "Name": "High St. Family Care Clinic",
    "Notes": [
      "By appointment only.",
      "Requires phone screen."
    ],
    "State": "Missouri",
    "Address": "706 S High St. ",
    "City": "Butler",
    "Zip": "64730",
    "Phone": "660-200-7135",
    "Website": "http://www.bcmhospital.com/?page_id=556",
    "DaysOfWeek": [
      "Monday",
      "Thursday",
      "Wednesday"
    ],
    "OpensAt": "7:30AM",
    "ClosesAt": "6PM",
    "AltDaysOfWeek": [
      "Friday",
      "Tuesday"
    ],
    "AltOpensAt": "8AM",
    "AltClosesAt": "5PM",
    "LocationType": [
      "Walk-in"
    ],
    "NotesOther": "Open every other Saturday ",
    "Verified": true,
    "Alt2DaysOfWeek": [
      "Saturday"
    ],
    "Alt2OpensAt": "8:30AM",
    "Alt2ClosesAt": "11:30AM"
  },
  {
    "Name": "Cameron Regional Medical Center, Inc.",
    "Notes": [
      "By appointment only.",
      "Requires phone screen."
    ],
    "State": "Missouri",
    "Address": "1600 East Evergreen",
    "City": "Cameron",
    "Zip": "64429",
    "Phone": "816-632-2101",
    "Website": "https://cameronregional.org/",
    "DaysOfWeek": [
      "Friday",
      "Monday",
      "Saturday",
      "Sunday",
      "Thursday",
      "Tuesday",
      "Wednesday"
    ],
    "OpensAt": "8AM",
    "ClosesAt": "8PM",
    "LocationType": [
      "Walk-in"
    ],
    "Verified": true
  },
  {
    "Name": "Saint Francis Medical Center - Arena Park",
    "Notes": [
      "By appointment only.",
      "Only for individuals with symptoms.",
      "Requires phone screen."
    ],
    "State": "Missouri",
    "Address": "410 Kiwanis Dr.",
    "City": "Cape Giradeau",
    "Zip": "63701",
    "Phone": "573-331-4200",
    "Website": "https://www.sfmc.net/covid19/",
    "LocationType": [
      "Drive-thru"
    ],
    "Verified": true
  },
  {
    "Name": "Southeast Hospital",
    "Notes": [
      "By appointment only.",
      "Requires phone screen."
    ],
    "State": "Missouri",
    "Address": "1701 Lacey St",
    "City": "Cape Girardeau",
    "Zip": "63701",
    "Phone": "573-519-4983",
    "Website": "https://www.sehealth.org/patients-and-visitors/covid19-information",
    "Verified": true
  },
  {
    "Name": "Mercy Virtual Care Center",
    "Notes": [
      "By appointment only.",
      "Only for individuals with symptoms.",
      "Limited test kits available.",
      "Requires phone screen.",
      "Requires doctor's referral."
    ],
    "State": "Missouri",
    "Address": "15740 S Outer Forty Rd",
    "City": "Chesterfield",
    "Zip": "63017",
    "Phone": "314-251-0500",
    "Website": "https://www.mercy.net/service/covid-19/",
    "Verified": true
  },
  {
    "Name": "St. Luke's Desloge Outpatient Center",
    "Notes": [
      "By appointment only.",
      "Requires doctor's referral.",
      "Only for individuals with symptoms.",
      "Requires phone screen."
    ],
    "State": "Missouri",
    "Address": "111 St. Luke's Center Dr",
    "City": "Chesterfield",
    "Zip": "63017",
    "Phone": "314-966-9107",
    "Website": "https://www.stlukes-stl.com/News-Releases/2020/St-Lukes-to-Open-Drive-Through-COVID-19-Testing-Site/",
    "OnlineBooking": true,
    "DaysOfWeek": [
      "Friday",
      "Monday",
      "Thursday",
      "Tuesday",
      "Wednesday"
    ],
    "OpensAt": "8AM",
    "ClosesAt": "5PM",
    "LocationType": [
      "Drive-thru"
    ],
    "Verified": true
  },
  {
    "Name": "Hedrick Medical Center",
    "Notes": [
      "By appointment only.",
      "Requires doctor's referral.",
      "Must have fever and other symptoms."
    ],
    "State": "Missouri",
    "Address": "2799 N Washington St",
    "City": "Chillicothe",
    "Zip": "64601",
    "Phone": "660-646-1480",
    "LocationType": [
      "Walk-in"
    ],
    "Verified": true
  },
  {
    "Name": "Boone Hospital Center",
    "Notes": [
      "Requires referral from a primary health provider.",
      "Requires doctor's referral.",
      "Only for individuals with symptoms.",
      "Requires phone screen."
    ],
    "State": "Missouri",
    "Address": "1600 E Broadway",
    "City": "Columbia",
    "Zip": "65201",
    "Phone": "573-815-8000",
    "Website": "https://www.boone.org/covid",
    "DaysOfWeek": [
      "Friday",
      "Monday",
      "Thursday",
      "Tuesday",
      "Wednesday"
    ],
    "OpensAt": "7AM",
    "ClosesAt": "7PM",
    "AltDaysOfWeek": [
      "Saturday",
      "Sunday"
    ],
    "AltOpensAt": "8AM",
    "AltClosesAt": "Noon",
    "LocationType": [
      "Drive-thru"
    ],
    "Verified": true
  },
  {
    "Name": "Harry S Truman Memorial Veterans Hospital",
    "Notes": [
      "By appointment only.",
      "For previously established patients only."
    ],
    "State": "Missouri",
    "Address": "800 Hospital Drive",
    "City": "Columbia",
    "Zip": "65201",
    "Phone": "573-814-6000 / 573-814-6580",
    "Website": "https://www.columbiamo.va.gov/locations/directions.asp",
    "OpensAt": "Open 24 hours",
    "ClosesAt": "Open 24 hours",
    "LocationType": [
      "Walk-in"
    ],
    "Verified": true
  },
  {
    "Name": "Providence Urgent Care",
    "State": "Missouri",
    "Address": "202 E Nifong Blvd",
    "City": "Columbia",
    "Zip": "65203",
    "Phone": "573-874-6824",
    "Website": "https://nextcare.com/curbside/",
    "OnlineBooking": true,
    "DaysOfWeek": [
      "Friday",
      "Monday",
      "Saturday",
      "Sunday",
      "Thursday",
      "Tuesday",
      "Wednesday"
    ],
    "OpensAt": "9 am",
    "ClosesAt": "8PM",
    "LocationType": [
      "Drive-thru"
    ],
    "Verified": true
  },
  {
    "Name": "University Hospital ",
    "Notes": [
      "Requires referral from a primary health provider.",
      "Requires doctor's referral.",
      "Only for individuals with symptoms."
    ],
    "State": "Missouri",
    "Address": "600 E Stadium Blvd",
    "City": "Columbia",
    "Zip": "65211",
    "Phone": "573-882-4141",
    "Website": "https://www.muhealth.org/our-stories/how-do-i-get-tested-covid-19?utm_source=website&utm_medium=homepage&utm_campaign=GetTested",
    "DaysOfWeek": [
      "Friday",
      "Monday",
      "Thursday",
      "Tuesday",
      "Wednesday"
    ],
    "OpensAt": "7AM",
    "ClosesAt": "7PM",
    "AltDaysOfWeek": [
      "Saturday",
      "Sunday"
    ],
    "AltOpensAt": "7AM",
    "AltClosesAt": "3PM",
    "LocationType": [
      "Drive-thru"
    ],
    "Verified": true
  },
  {
    "Name": "Bootheel Urgent Care",
    "Notes": [
      "By appointment only.",
      "Requires phone screen."
    ],
    "State": "Missouri",
    "Address": "110 US HWY J",
    "City": "Hayti",
    "Zip": "63851",
    "Phone": "573-479-3065",
    "Website": "https://www.facebook.com/pages/category/Medical---Health/Bootheel-Urgent-Care-an-Walk-In-Clinic-114968296607148/",
    "DaysOfWeek": [
      "Friday",
      "Monday",
      "Thursday",
      "Tuesday",
      "Wednesday"
    ],
    "OpensAt": "2PM",
    "ClosesAt": "10PM",
    "AltDaysOfWeek": [
      "Saturday",
      "Sunday"
    ],
    "AltOpensAt": "10AM",
    "AltClosesAt": "6PM",
    "LocationType": [
      "Walk-in"
    ],
    "Verified": true
  },
  {
    "Name": "Hermann Area District Hospital",
    "Notes": [
      "By appointment only.",
      "Requires doctor's referral.",
      "Requires phone screen."
    ],
    "State": "Missouri",
    "Address": "509 West 18th St",
    "City": "Hermann",
    "Zip": "65401",
    "Phone": "573-569-5049",
    "Website": "https://www.hadh.org/news-events/news-releases/press-release-covid-19-testing",
    "OpensAt": "Open 24 hours",
    "ClosesAt": "Open 24 hours",
    "LocationType": [
      "Drive-thru"
    ],
    "Verified": true
  },
  {
    "Name": "Mercy Clinic Primary Care",
    "Notes": [
      "By appointment only.",
      "Only for individuals with symptoms.",
      "Limited test kits available.",
      "Requires phone screen.",
      "Requires doctor's referral."
    ],
    "State": "Missouri",
    "Address": "5194 Jeremiah Boulevard",
    "City": "Hillsboro",
    "Zip": "63050",
    "Phone": "314-251-0500",
    "Website": "https://www.mercy.net/service/covid-19/",
    "DaysOfWeek": [
      "Monday"
    ],
    "OpensAt": "8AM",
    "ClosesAt": "4:30PM",
    "AltDaysOfWeek": [
      "Friday",
      "Thursday",
      "Tuesday",
      "Wednesday"
    ],
    "AltOpensAt": "7AM",
    "AltClosesAt": "4:30PM",
    "Verified": true
  },
  {
    "Name": "Urgent Care of Kansas City",
    "Notes": [
      "By appointment only.",
      "Requires doctor's referral."
    ],
    "State": "Missouri",
    "Address": "4741 Arrowhead Dr, Suite B",
    "City": "Independence",
    "Zip": "64055",
    "Phone": "816-795-6000",
    "Website": "https://www.solvhealth.com/urgent-care-of-kansas-city-independence-mo-AGLeep",
    "OnlineBooking": true,
    "DaysOfWeek": [
      "Friday",
      "Monday",
      "Thursday",
      "Tuesday",
      "Wednesday"
    ],
    "OpensAt": "8:30AM",
    "ClosesAt": "9PM",
    "AltDaysOfWeek": [
      "Sunday"
    ],
    "AltOpensAt": "8:30AM",
    "AltClosesAt": "5PM",
    "Verified": true,
    "Alt2DaysOfWeek": [
      "Saturday"
    ],
    "Alt2OpensAt": "8:30AM",
    "Alt2ClosesAt": "6PM"
  },
  {
    "Name": "Capital Region Medical Center - Capital Region Physicians - Primary Care Clinic",
    "Notes": [
      "Requires doctor's referral.",
      "Requires phone screen.",
      "Only for individuals with symptoms."
    ],
    "State": "Missouri",
    "Address": "1014 Madion St",
    "City": "Jefferson City",
    "Zip": "65101",
    "Phone": "833-763-0444",
    "Website": "https://www.crmc.org/patients-and-visitors/novel-coronavirus-covid-19/",
    "DaysOfWeek": [
      "Friday",
      "Monday",
      "Thursday",
      "Tuesday",
      "Wednesday"
    ],
    "OpensAt": "9 am",
    "ClosesAt": "6PM",
    "AltDaysOfWeek": [
      "Saturday",
      "Sunday"
    ],
    "AltOpensAt": "10AM",
    "AltClosesAt": "4PM",
    "LocationType": [
      "Drive-thru"
    ],
    "Verified": true
  },
  {
    "Name": "St. Mary's Hospital",
    "Notes": [
      "By appointment only.",
      "Requires doctor's referral."
    ],
    "State": "Missouri",
    "Address": "2505 Mission Drive",
    "City": "Jefferson City",
    "Zip": "65109",
    "Phone": "573-681-3000",
    "Website": "https://www.ssmhealth.com/coronavirus-updates",
    "LocationType": [
      "Drive-thru"
    ],
    "Verified": true
  },
  {
    "Name": "Thousand Oaks Imaging Center",
    "Notes": [
      "By appointment only.",
      "Requires doctor's referral.",
      "Only for individuals with symptoms.",
      "Requires phone screen."
    ],
    "State": "Missouri",
    "Address": "1905 West 32nd Street",
    "City": "Joplin",
    "Zip": "64804",
    "Phone": "417-347-6444",
    "LocationType": [
      "Drive-thru"
    ],
    "Verified": true
  },
  {
    "Name": "First Point Urgent Care",
    "Notes": [
      "By appointment only.",
      "Only for individuals with symptoms.",
      "Requires phone screen."
    ],
    "State": "Missouri",
    "Address": "8144 NW Prairie View Rd",
    "City": "Kansas City",
    "Zip": "64151",
    "Phone": "816-505-3660",
    "Website": "firstpointurgentcare.org",
    "DaysOfWeek": [
      "Friday",
      "Monday",
      "Thursday",
      "Tuesday",
      "Wednesday"
    ],
    "OpensAt": "9 am",
    "ClosesAt": "8PM",
    "AltDaysOfWeek": [
      "Saturday"
    ],
    "AltOpensAt": "9AM",
    "AltClosesAt": "5PM",
    "LocationType": [
      "Drive-thru"
    ],
    "Verified": true,
    "Alt2DaysOfWeek": [
      "Sunday"
    ],
    "Alt2OpensAt": "10AM",
    "Alt2ClosesAt": "5PM"
  },
  {
    "Name": "PNC Bank Arts Center",
    "Notes": [
      "Only for individuals with symptoms.",
      "Must have fever and other symptoms.",
      "Local residents only.",
      "Prioritizes health care workers.",
      "Prioritizes first responders."
    ],
    "State": "New Jersey",
    "Address": "116 Garden State Pkwy",
    "City": "Holmdel",
    "Zip": "07733",
    "Website": "https://covid19.nj.gov/locations?query=Testing+Centers&tabOrder=all%2CpromotedContent%2Clocations%2Cresources%2Cstatus%2CNJfaqs%2CAASfaqs%2Ccoronavirus",
    "OpensAt": "8AM",
    "Closed": true,
    "LocationType": [
      "Drive-thru"
    ],
    "NotesOther": "Additional self-assessment provided: https://self.covid19.nj.gov/",
    "Verified": true,
    "LastClosedUpdate": "2020-04-13"
  },
  {
    "Name": "Bergen Community College",
    "Notes": [
      "Only for individuals with symptoms.",
      "Must have fever and other symptoms.",
      "For all members of the community.",
      "Limited test kits available."
    ],
    "State": "New Jersey",
    "Address": "400 Paramus Road, Paramus Campus - Lots B & C",
    "City": "Paramus",
    "Zip": "07652",
    "Website": "https://covid19.nj.gov/locations?query=Testing+Centers&tabOrder=all%2CpromotedContent%2Clocations%2Cresources%2Cstatus%2CNJfaqs%2CAASfaqs%2Ccoronavirus",
    "DaysOfWeek": [
      "Tuesday",
      "Thursday",
      "Friday",
      "Saturday"
    ],
    "Closed": true,
    "LocationType": [
      "Drive-thru"
    ],
    "Verified": true,
    "LastClosedUpdate": "2020-04-13"
  },
  {
    "Name": "County College of Morris",
    "Notes": [
      "By appointment only.",
      "Requires doctor's referral.",
      "Local residents only."
    ],
    "State": "New Jersey",
    "Address": "Dover Chester Road, Parking Lot 1",
    "City": "Randolph",
    "Zip": "07869",
    "Neighborhood": "Morris County",
    "Website": "https://booknow.appointment-plus.com/b8hq2y7k/",
    "OnlineBooking": true,
    "DaysOfWeek": [
      "Thursday"
    ],
    "ClosesAt": "4PM",
    "LocationType": [
      "Drive-thru"
    ],
    "Verified": true
  },
  {
    "Name": "Kean University",
    "Notes": [
      "By appointment only.",
      "Requires doctor's referral.",
      "Only for individuals with symptoms.",
      "Local residents only.",
      "Prioritizes health care workers.",
      "Prioritizes first responders.",
      "Requires phone screen."
    ],
    "State": "New Jersey",
    "Address": "1000 Morris Ave",
    "City": "Union",
    "Zip": "07083",
    "Neighborhood": "Union County",
    "Phone": "908-373-5105 / 908-214-7107",
    "Website": "https://ucnj.org/",
    "DaysOfWeek": [
      "Friday",
      "Monday",
      "Thursday",
      "Tuesday",
      "Wednesday"
    ],
    "OpensAt": "9AM",
    "ClosesAt": "5PM",
    "AltDaysOfWeek": [
      "Saturday"
    ],
    "AltOpensAt": "9AM",
    "AltClosesAt": "2PM",
    "LocationType": [
      "Drive-thru"
    ],
    "Verified": true
  },
  {
    "Name": "Weequahik Park Drive",
    "Notes": [
      "By appointment only.",
      "Local residents only."
    ],
    "State": "New Jersey",
    "Address": "Elizabeth Ave & Meeker Ave",
    "City": "Newark",
    "Zip": "07112",
    "Neighborhood": "Essex County",
    "Website": "https://essexcovid.org",
    "Closed": true,
    "LocationType": [
      "Drive-thru"
    ],
    "Verified": true,
    "LastClosedUpdate": "2020-04-09"
  },
  {
    "Name": "Jersey City",
    "Notes": [
      "By appointment only.",
      "Local residents only."
    ],
    "State": "New Jersey",
    "Address": "575 Route 440 ",
    "City": "Jersey City",
    "Zip": "07305",
    "Neighborhood": "Jersey City",
    "Phone": "201-547-5535",
    "Website": "https://covid19.nj.gov/locations?query=Testing+Centers&tabOrder=all%2CpromotedContent%2Clocations%2Cresources%2Cstatus%2CNJfaqs%2CAASfaqs%2Ccoronavirus",
    "DaysOfWeek": [
      "Friday"
    ],
    "OpensAt": "9AM",
    "LocationType": [
      "Walk-in"
    ],
    "Verified": true
  },
  {
    "Name": "Hudson Regional Hospital ",
    "Notes": [
      "By appointment only.",
      "Only for individuals with symptoms.",
      "Local residents only.",
      "Prioritizes first responders."
    ],
    "State": "New Jersey",
    "Address": "55 Meadowlands Pkwy",
    "City": "Secaucus",
    "Zip": "07094",
    "Neighborhood": "Hudson County",
    "Phone": "(201) 392-3278",
    "Website": "https://covid19.nj.gov/locations?query=Testing+Centers&tabOrder=all%2CpromotedContent%2Clocations%2Cresources%2Cstatus%2CNJfaqs%2CAASfaqs%2Ccoronavirus",
    "DaysOfWeek": [
      "Sunday",
      "Monday",
      "Tuesday",
      "Wednesday",
      "Thursday",
      "Friday",
      "Saturday"
    ],
    "OpensAt": "Open 24 hours",
    "ClosesAt": "Open 24 hours",
    "LocationType": [
      "Drive-thru"
    ],
    "Verified": true
  },
  {
    "Name": "Rehoboth McKinley Christian Health Services",
    "Notes": [
      "By appointment only.",
      "Requires phone screen."
    ],
    "State": "New Mexico",
    "Address": "1901 Redrock Dr",
    "City": "Gallup",
    "Zip": "87301",
    "Neighborhood": "Gallup",
    "Phone": "505-236-1074",
    "Website": "http://www.rmch.org/",
    "DaysOfWeek": [
      "Friday",
      "Monday",
      "Saturday",
      "Sunday",
      "Thursday",
      "Tuesday",
      "Wednesday"
    ],
    "OpensAt": "8AM",
    "ClosesAt": "7PM",
    "LocationType": [
      "Drive-thru"
    ],
    "Verified": true
  },
  {
    "Name": "Cibola General Hospital",
    "Notes": [
      "By appointment only.",
      "Requires phone screen."
    ],
    "State": "New Mexico",
    "Address": "1016 Roosevelt Ave",
    "City": "Grants",
    "Zip": "87020",
    "Neighborhood": "Cibola",
    "Phone": "505-287-4446",
    "Website": "www.cibolahospital.com",
    "OpensAt": "Open 24 hours",
    "ClosesAt": "Open 24 hours",
    "LocationType": [
      "Walk-in"
    ],
    "Verified": true
  },
  {
    "Name": "Guadalupe County Hospital",
    "Notes": [
      "By appointment only.",
      "Requires phone screen."
    ],
    "State": "New Mexico",
    "Address": "117 Camino De Vida #100",
    "City": "Santa Rosa",
    "Zip": "88435",
    "Neighborhood": "Guadalupe County",
    "Phone": "575-472-3417",
    "Website": "https://www.gchnm.org/",
    "OpensAt": "Open 24 hours",
    "ClosesAt": "Open 24 hours",
    "LocationType": [
      "Walk-in"
    ],
    "Verified": true
  },
  {
    "Name": "Holy Cross Hospital ",
    "Notes": [
      "Requires phone screen."
    ],
    "State": "New Mexico",
    "Address": "1397 Weimer Road",
    "City": "Taos",
    "Zip": "87571",
    "Neighborhood": "Taos",
    "Phone": "800-755-6236",
    "Website": "https://holycrossmedicalcenter.org/",
    "OpensAt": "Open 24 hours",
    "ClosesAt": "Open 24 hours",
    "LocationType": [
      "Drive-thru"
    ],
    "Verified": true
  },
  {
    "Name": "OPTUM ",
    "Notes": [
      "Only for individuals with symptoms.",
      "For all members of the community.",
      "Requires phone screen."
    ],
    "State": "New Mexico",
    "Address": "5150 Journal Center Blvd. SE",
    "City": "Albuquerque",
    "Zip": "87109",
    "Neighborhood": "Journal Center",
    "Phone": "505-232-1010",
    "Website": "https://abqhp.com/clinic/58",
    "DaysOfWeek": [
      "Friday",
      "Monday",
      "Saturday",
      "Sunday",
      "Thursday",
      "Tuesday",
      "Wednesday"
    ],
    "OpensAt": "7AM",
    "ClosesAt": "5PM",
    "LocationType": [
      "Drive-thru"
    ],
    "Verified": true
  },
  {
    "Name": "NextCare - Petroglyph",
    "Notes": [
      "For all members of the community."
    ],
    "State": "New Mexico",
    "Address": "8201 Gold Course Rd NW Ste A3",
    "City": "Albuquerque",
    "Zip": "87120",
    "Neighborhood": "Petroglyph",
    "Phone": "505-800-7077",
    "Website": "https://nextcare.com/locations/nm/petroglyph/",
    "OnlineBooking": true,
    "DaysOfWeek": [
      "Saturday",
      "Sunday"
    ],
    "OpensAt": "9 am",
    "ClosesAt": "4PM",
    "AltDaysOfWeek": [
      "Friday",
      "Monday",
      "Thursday",
      "Tuesday",
      "Wednesday"
    ],
    "AltOpensAt": "8AM",
    "AltClosesAt": "8PM",
    "LocationType": [
      "Drive-thru",
      "Walk-in"
    ],
    "Verified": true
  },
  {
    "Name": "University of New Mexico Respiratory Care Center",
    "Notes": [
      "Requires phone screen."
    ],
    "State": "New Mexico",
    "Address": "2211 Lomas Blvd. NE",
    "City": "Albuquerque",
    "Zip": "87106",
    "Phone": "505-272-2411",
    "Website": "https://hsc.unm.edu/covid-19/index.html",
    "OpensAt": "Open 24 hours",
    "ClosesAt": "Open 24 hours",
    "LocationType": [
      "Walk-in"
    ],
    "Verified": true
  },
  {
    "Name": "Silver City Health Care Clinic",
    "Notes": [
      "By appointment only.",
      "Requires phone screen."
    ],
    "State": "New Mexico",
    "Address": "1600 East 32nd Street",
    "City": "Silver City",
    "Zip": "88061",
    "Neighborhood": "Silver City",
    "Phone": "575-956-1320",
    "Website": "https://www.silverhealthcare.org/",
    "DaysOfWeek": [
      "Friday",
      "Monday",
      "Saturday",
      "Sunday",
      "Thursday",
      "Tuesday",
      "Wednesday"
    ],
    "OpensAt": "4PM",
    "ClosesAt": "5PM",
    "LocationType": [
      "Drive-thru"
    ],
    "Verified": true
  },
  {
    "Name": "NextCare - Rio Rancho",
    "Notes": [
      "For all members of the community."
    ],
    "State": "New Mexico",
    "Address": "1630 Rio Rancho Dr SE #101",
    "City": "Rio Rancho",
    "Zip": "87124",
    "Neighborhood": "Rio Rancho",
    "Phone": "505-395-5520",
    "Website": "https://nextcare.com/locations/nm/rio-rancho/",
    "OnlineBooking": true,
    "DaysOfWeek": [
      "Saturday",
      "Sunday"
    ],
    "OpensAt": "9 am",
    "ClosesAt": "4PM",
    "AltDaysOfWeek": [
      "Friday",
      "Monday",
      "Thursday",
      "Tuesday",
      "Wednesday"
    ],
    "AltOpensAt": "8AM",
    "AltClosesAt": "8PM",
    "LocationType": [
      "Drive-thru",
      "Walk-in"
    ],
    "Verified": true
  },
  {
    "Name": "Union County General Hospital",
    "Notes": [
      "By appointment only.",
      "Requires phone screen."
    ],
    "State": "New Mexico",
    "Address": "300 Wilson St",
    "City": "Clayton",
    "Zip": "88415",
    "Phone": "575-374-2584",
    "Website": "http://ucgh.net/",
    "OpensAt": "Open 24 hours",
    "ClosesAt": "Open 24 hours",
    "LocationType": [
      "Walk-in"
    ],
    "Verified": true
  },
  {
    "Name": "NextCare - Unser",
    "Notes": [
      "For all members of the community."
    ],
    "State": "New Mexico",
    "Address": "1800 Unser Blvd NW Ste 500",
    "City": "Albuquerque",
    "Zip": "87120",
    "Neighborhood": "Unser ",
    "Phone": "505-395-5520",
    "Website": "https://nextcare.com/locations/nm/urgent-care-clinic-albuquerque-new-mexico-unser/",
    "OnlineBooking": true,
    "DaysOfWeek": [
      "Saturday",
      "Sunday"
    ],
    "OpensAt": "9 am",
    "ClosesAt": "4PM",
    "AltDaysOfWeek": [
      "Friday",
      "Monday",
      "Thursday",
      "Tuesday",
      "Wednesday"
    ],
    "AltOpensAt": "8AM",
    "AltClosesAt": "8PM",
    "LocationType": [
      "Drive-thru",
      "Walk-in"
    ],
    "Verified": true
  },
  {
    "Name": "Alexandria Immediate Care",
    "Notes": [
      "By appointment only.",
      "For all members of the community.",
      "Requires phone screen."
    ],
    "State": "Virginia",
    "Address": "6020 Richmond Hwy",
    "City": "Alexandria",
    "Zip": "22303",
    "Neighborhood": "Alexandria",
    "Phone": "571-308-6776",
    "Website": "https://allcarefamilymed.com/coronavirus",
    "OnlineBooking": true,
    "DaysOfWeek": [
      "Friday",
      "Monday",
      "Saturday",
      "Sunday",
      "Thursday",
      "Tuesday",
      "Wednesday"
    ],
    "OpensAt": "Noon",
    "ClosesAt": "1:30PM",
    "LocationType": [
      "Drive-thru"
    ],
    "Verified": true
  },
  {
    "Name": "Lorton Immediate Care",
    "Notes": [
      "By appointment only.",
      "For all members of the community.",
      "Requires phone screen."
    ],
    "State": "Virginia",
    "Address": "7740 Gunston Plaza",
    "City": "Lorton",
    "Zip": "22079",
    "Neighborhood": "Lorton",
    "Phone": "703-339-5858",
    "Website": "https://allcarefamilymed.com/coronavirus",
    "OnlineBooking": true,
    "DaysOfWeek": [
      "Friday",
      "Monday",
      "Saturday",
      "Sunday",
      "Thursday",
      "Tuesday",
      "Wednesday"
    ],
    "OpensAt": "Noon",
    "ClosesAt": "1:30PM",
    "LocationType": [
      "Drive-thru"
    ],
    "Verified": true
  }
]